{
  "project_info": {
    "project_number": "161391911382",
    "project_id": "catalogo-2d9e4",
    "storage_bucket": "catalogo-2d9e4.firebasestorage.app"
  },
  "client": [
    {
      "client_info": {
        "mobilesdk_app_id": "1:161391911382:android:17508f1e0659a373388477",
        "android_client_info": {
          "package_name": "es.iesagora.ejercicio6"
        }
      },
      "oauth_client": [],
      "api_key": [
        {
          "current_key": "AIzaSyCRZjEzyaJb0S2n9tT8eMLJ9lnreW5oqWw"
        }
      ],
      "services": {
        "appinvite_service": {
          "other_platform_oauth_client": []
        }
      }
    }
  ],
  "configuration_version": "1"
}